,id,username,created_at
0,1,Kenton_Kirlin,16-02-2017 18:22
1,2,Andre_Purdy85,02-04-2017 17:11
2,3,Harley_Lind18,21-02-2017 11:12
3,4,Arely_Bogan63,13-08-2016 01:28
4,5,Aniya_Hackett,07-12-2016 01:04
5,6,Travon.Waters,30-04-2017 13:26
6,7,Kasandra_Homenick,12-12-2016 06:50
7,8,Tabitha_Schamberger11,20-08-2016 02:19
8,9,Gus93,24-06-2016 19:36
9,10,Presley_McClure,07-08-2016 16:25
10,11,Justina.Gaylord27,04-05-2017 16:32
11,12,Dereck65,19-01-2017 01:34
12,13,Alexandro35,29-03-2017 17:09
13,14,Jaclyn81,06-02-2017 23:29
14,15,Billy52,05-10-2016 14:10
15,16,Annalise.McKenzie16,02-08-2016 21:32
16,17,Norbert_Carroll35,06-02-2017 22:05
17,18,Odessa2,21-10-2016 18:16
18,19,Hailee26,29-04-2017 18:53
19,20,Delpha.Kihn,31-08-2016 02:42
20,21,Rocio33,23-01-2017 11:51
21,22,Kenneth64,27-12-2016 09:48
22,23,Eveline95,23-01-2017 23:14
23,24,Maxwell.Halvorson,18-04-2017 02:32
24,25,Tierra.Trantow,03-10-2016 12:49
25,26,Josianne.Friesen,07-06-2016 12:47
26,27,Darwin29,18-03-2017 03:10
27,28,Dario77,18-08-2016 07:15
28,29,Jaime53,11-09-2016 18:51
29,30,Kaley9,23-09-2016 21:24
30,31,Aiyana_Hoeger,29-09-2016 20:28
31,32,Irwin.Larson,26-08-2016 19:36
32,33,Yvette.Gottlieb91,14-11-2016 12:32
33,34,Pearl7,08-07-2016 21:42
34,35,Lennie_Hartmann40,30-03-2017 03:25
35,36,Ollie_Ledner37,04-08-2016 15:42
36,37,Yazmin_Mills95,27-07-2016 00:56
37,38,Jordyn.Jacobson2,14-05-2016 07:56
38,39,Kelsi26,08-06-2016 17:48
39,40,Rafael.Hickle2,19-05-2016 09:51
40,41,Mckenna17,17-07-2016 17:25
41,42,Maya.Farrell,11-12-2016 18:04
42,43,Janet.Armstrong,06-10-2016 07:57
43,44,Seth46,07-07-2016 11:40
44,45,David.Osinski47,05-02-2017 21:23
45,46,Malinda_Streich,09-07-2016 21:37
46,47,Harrison.Beatty50,02-09-2016 03:48
47,48,Granville_Kutch,26-06-2016 03:10
48,49,Morgan.Kassulke,30-10-2016 12:42
49,50,Gerard79,23-08-2016 19:47
50,51,Mariano_Koch3,17-04-2017 14:14
51,52,Zack_Kemmer93,01-01-2017 05:58
52,53,Linnea59,07-02-2017 07:49
53,54,Duane60,21-12-2016 04:43
54,55,Meggie_Doyle,04-04-2017 12:17
55,56,Peter.Stehr0,22-08-2016 18:05
56,57,Julien_Schmidt,02-02-2017 23:12
57,58,Aurelie71,31-05-2016 06:20
58,59,Cesar93,18-10-2016 16:42
59,60,Sam52,30-03-2017 22:03
60,61,Jayson65,14-10-2016 19:10
61,62,Ressie_Stanton46,20-12-2016 15:09
62,63,Elenor88,08-05-2016 01:30
63,64,Florence99,06-10-2016 23:08
64,65,Adelle96,01-10-2016 00:37
65,66,Mike.Auer39,01-07-2016 17:36
66,67,Emilio_Bernier52,06-05-2016 13:04
67,68,Franco_Keebler64,13-11-2016 20:09
68,69,Karley_Bosco,24-06-2016 23:38
69,70,Erick5,05-04-2017 23:44
70,71,Nia_Haag,14-05-2016 15:38
71,72,Kathryn80,11-10-2016 09:01
72,73,Jaylan.Lakin,10-06-2016 23:58
73,74,Hulda.Macejkovic,25-01-2017 17:17
74,75,Leslie67,21-09-2016 05:14
75,76,Janelle.Nikolaus81,21-07-2016 09:26
76,77,Donald.Fritsch,07-01-2017 10:05
77,78,Colten.Harris76,10-10-2016 02:38
78,79,Katarina.Dibbert,03-11-2016 13:14
79,80,Darby_Herzog,06-05-2016 00:14
80,81,Esther.Zulauf61,14-01-2017 17:02
81,82,Aracely.Johnston98,25-07-2016 18:49
82,83,Bartholome.Bernhard,06-11-2016 02:31
83,84,Alysa22,01-01-2017 17:44
84,85,Milford_Gleichner42,30-04-2017 07:50
85,86,Delfina_VonRueden68,21-03-2017 12:02
86,87,Rick29,24-02-2017 11:25
87,88,Clint27,02-06-2016 21:40
88,89,Jessyca_West,14-09-2016 23:47
89,90,Esmeralda.Mraz57,03-03-2017 11:52
90,91,Bethany20,03-06-2016 23:31
91,92,Frederik_Rice,06-07-2016 21:56
92,93,Willie_Leuschke,15-02-2017 01:40
93,94,Damon35,31-10-2016 14:44
94,95,Nicole71,09-05-2016 17:30
95,96,Keenan.Schamberger60,28-08-2016 14:57
96,97,Tomas.Beatty93,11-02-2017 11:38
97,98,Imani_Nicolas17,31-01-2017 22:59
98,99,Alek_Watsica,10-12-2016 07:43
99,100,Javonte83,27-03-2017 22:06
